Model,Pclass,Age,Sex_female,Sex_male,Fare,Survived
Your_user_name-21212719,2.337248322147651,29.525983263598327,0.34563758389261745,0.6543624161073825,31.912786073825465,0.3724832214765101
